idx	nonce	submit_ms	status	tx_or_error
0	3	1309	SUBMITTED	0x88a8ffbe59403a51e96e543c6ffc915265bf891473752e2408609d88273d9cfe
1	4	1163	SUBMITTED	0xea5919175ef8ac7c2f00f052dc45c63264e8ab2daa7471a171bad579f0d131d0
2	5	1269	SUBMITTED	0x3151fc310b6d103877d5e06a22fbb483d4d41120f3c538e28a50444d5c06b69e
3	6	1457	SUBMITTED	0xda30adf6bea225c7085b83daafcb8a62e23877d9634fb2bd4c613a865f6f0a42
4	7	684	SUBMITTED	0x2dd5381464d91316f76300a9eaca63708a165221400849ae345dd38290a2bf53
5	8	1467	SUBMITTED	0x442e21b90fbd0da40d3b2ec5e8474fc91344fe12650be99cec65a390b67ae418
6	9	772	SUBMITTED	0xabe25a79b1c15d3e5d2f7ae0c0aac8e620dc0b6ac534f9324ba9c3f7217dd595
7	10	631	SUBMITTED	0xae7000c923e485b09c24943519495d2477e374ef248473599b71b74fa23ea65d
8	11	1269	SUBMITTED	0x33745114a2e0c85684a7e887b8d4cae90928be0780be62c1943bcdecb8405143
9	12	1228	SUBMITTED	0x3c63c8d2b74581bc4c35d636b0e2b8d945658b462fa3bc22f926545dafb33613
10	13	1407	SUBMITTED	0x442316c9c04b4c663ed11563bc66234bd594e8b68923823427843565895370b8
11	14	1039	SUBMITTED	0xf87d760065d90d70343244d7377a8290ead190d969aa1d66b3cf51b8123db7f8
12	15	2546	SUBMITTED	0xe8910882197b1725902f3d08fa386a00a9bb36ad9b127520c0cd1dc3f4837848
13	16	1376	SUBMITTED	0xb856905431acad57e801eaf5486efd52c18db15af6544938baaa5f8d92318669
14	17	1352	SUBMITTED	0xdc784db981397f158c66f97b2b3ad1de355e83c5e19b61a8cddec9ce650110fb
15	18	1204	SUBMITTED	0x9124c6f20a6023dd39b5d1ef71e453e6bd1608b78e65bcfc23967e0c85ffc4c5
16	19	1243	SUBMITTED	0xfc2509db26c7d70fa7f038b1013c6e144f6ec6073e4c513c08e57d3ded1c6060
17	20	1193	SUBMITTED	0xdd6944b61460ea104834a9d2debbc7849b2c64608933c621238cc7c96937f6f1
18	21	1253	SUBMITTED	0xbd03d9293616f6e54593a7bc5c6a45b3f0557453c866be938410a1e0bc91e134
19	22	1045	SUBMITTED	0xc24e99053b81b8f9d4f437e85fb5937120856cf8b4de3aff4d53942ec771cd73
20	23	862	SUBMITTED	0x5b6fb653f2433402a9fd9955857c50d3b24fca2b4dca389d26f2bdda9da84c5a
21	24	1201	SUBMITTED	0xee98e12143c5adcf58361c444477dc2b6a1670a80715f7a4da94d09c775e0538
22	25	1247	SUBMITTED	0x8d3e004e4591295798ab09bf0efcbbee9d27cdd8ba14716ce81612ee1554b6c1
23	26	665	SUBMITTED	0x3361e31420cd09a4390b4c8282f0891b6fa579c26c789b08be8a435d79f53b33
24	27	1257	SUBMITTED	0xcd2581c4ddbb2f307d465b01ef49a8a8c8b7a5e432425f2a0dde4a3387ccd9b3
